{
  "mae": 25.227491529073962,
  "r2": 0.7253036637660555,
  "rows": 20631.0,
  "features": 21.0
}